ID,Low Level Name,MId Level Name,High Level Name,CIP Number,CIP Group Name
2700,Medicine(all),Medicine,Health Sciences,51.12,Medicine.
2701,Medicine (miscellaneous),Medicine,Health Sciences,51.12,Medicine.
2702,Anatomy,Medicine,Health Sciences,26.04,Cell/Cellular Biology and Anatomical Sciences.
2703,Anesthesiology and Pain Medicine,Medicine,Health Sciences,51.12,Medicine.
2704,"Biochemistry, medical",Medicine,Health Sciences,26.02,"Biochemistry, Biophysics and Molecular Biology."
2705,Cardiology and Cardiovascular Medicine,Medicine,Health Sciences,51.12,Medicine.
2706,Critical Care and Intensive Care Medicine,Medicine,Health Sciences,51.12,Medicine.
2707,Complementary and alternative medicine,Medicine,Health Sciences,51.33,Alternative and Complementary Medicine and Medical Systems.
2708,Dermatology,Medicine,Health Sciences,51.12,Medicine.
2709,Drug guides,Medicine,Health Sciences,51.20,"Pharmacy, Pharmaceutical Sciences, and Administration."
2710,Embryology,Medicine,Health Sciences,26.09,"Physiology, Pathology and Related Sciences."
2711,Emergency Medicine,Medicine,Health Sciences,51.12,Medicine.
2712,"Endocrinology, Diabetes and Metabolism",Medicine,Health Sciences,51.12,Medicine.
2713,Epidemiology,Medicine,Health Sciences,51.12,Medicine.
2714,Family Practice,Medicine,Health Sciences,51.12,Medicine.
2715,Gastroenterology,Medicine,Health Sciences,51.12,Medicine.
2716,Genetics(clinical),Medicine,Health Sciences,26.08,Genetics.
2717,Geriatrics and Gerontology,Medicine,Health Sciences,30.11,Gerontology.
2718,Health Informatics,Medicine,Health Sciences,51.27,Medical Illustration and Informatics.
2719,Health Policy,Medicine,Health Sciences,44.05,Public Policy Analysis.
2720,Hematology,Medicine,Health Sciences,51.12,Medicine.
2721,Hepatology,Medicine,Health Sciences,51.12,Medicine.
2722,Histology,Medicine,Health Sciences,26.04,Cell/Cellular Biology and Anatomical Sciences.
2723,Immunology and Allergy,Medicine,Health Sciences,26.05,Microbiological Sciences and Immunology.
2724,Internal Medicine,Medicine,Health Sciences,51.12,Medicine.
2725,Infectious Diseases,Medicine,Health Sciences,51.12,Medicine.
2726,Microbiology (medical),Medicine,Health Sciences,26.05,Microbiological Sciences and Immunology.
2727,Nephrology,Medicine,Health Sciences,51.12,Medicine.
2728,Clinical Neurology,Medicine,Health Sciences,51.12,Medicine.
2729,Obstetrics and Gynaecology,Medicine,Health Sciences,51.12,Medicine.
2730,Oncology,Medicine,Health Sciences,51.12,Medicine.
2731,Ophthalmology,Medicine,Health Sciences,51.12,Medicine.
2732,Orthopedics and Sports Medicine,Medicine,Health Sciences,51.12,Medicine.
2733,Otorhinolaryngology,Medicine,Health Sciences,51.12,Medicine.
2734,Pathology and Forensic Medicine,Medicine,Health Sciences,26.09,"Physiology, Pathology and Related Sciences."
2735,"Pediatrics, Perinatology, and Child Health",Medicine,Health Sciences,51.12,Medicine.
2736,Pharmacology (medical),Medicine,Health Sciences,26.10,Pharmacology and Toxicology.
2737,Physiology (medical),Medicine,Health Sciences,26.09,"Physiology, Pathology and Related Sciences."
2738,Psychiatry and Mental health,Medicine,Health Sciences,51.12,Medicine.
2739,"Public Health, Environmental and Occupational Health",Medicine,Health Sciences,51.22,Public Health.
2740,Pulmonary and Respiratory Medicine,Medicine,Health Sciences,51.12,Medicine.
2741,Radiology Nuclear Medicine and imaging,Medicine,Health Sciences,51.09,"Allied Health Diagnostic, Intervention, and Treatment Professions."
2742,Rehabilitation,Medicine,Health Sciences,51.23,Rehabilitation and Therapeutic Professions.
2743,Reproductive Medicine,Medicine,Health Sciences,51.12,Medicine.
2744,"Reviews and References, Medical",Medicine,Health Sciences,51.27,Medical Illustration and Informatics.
2745,Rheumatology,Medicine,Health Sciences,51.12,Medicine.
2746,Surgery,Medicine,Health Sciences,51.12,Medicine.
2747,Transplantation,Medicine,Health Sciences,51.12,Medicine.
2748,Urology,Medicine,Health Sciences,51.12,Medicine.
2900,Nursing(all),Nursing,Health Sciences,51.16,Nursing.
2901,Nursing (miscellaneous),Nursing,Health Sciences,51.16,Nursing.
2902,Advanced and Specialised Nursing,Nursing,Health Sciences,51.16,Nursing.
2903,Assessment and Diagnosis,Nursing,Health Sciences,51.16,Nursing.
2904,Care Planning,Nursing,Health Sciences,51.16,Nursing.
2905,Community and Home Care,Nursing,Health Sciences,51.16,Nursing.
2906,Critical Care,Nursing,Health Sciences,51.16,Nursing.
2907,Emergency,Nursing,Health Sciences,51.16,Nursing.
2908,Fundamentals and skills,Nursing,Health Sciences,51.16,Nursing.
2909,Gerontology,Nursing,Health Sciences,30.11,Gerontology.
2910,"Issues, ethics and legal aspects",Nursing,Health Sciences,51.38,"Registered Nursing, Nursing Administration, Nursing Research and Clinical Nursing."
2911,Leadership and Management,Nursing,Health Sciences,51.38,"Registered Nursing, Nursing Administration, Nursing Research and Clinical Nursing."
2912,LPN and LVN,Nursing,Health Sciences,51.16,Nursing.
2913,Maternity and Midwifery,Nursing,Health Sciences,51.16,Nursing.
2914,Medical√êSurgical,Nursing,Health Sciences,51.16,Nursing.
2915,Nurse Assisting,Nursing,Health Sciences,51.16,Nursing.
2916,Nutrition and Dietetics,Nursing,Health Sciences,19.05,"Foods, Nutrition, and Related Services."
2917,Oncology(nursing),Nursing,Health Sciences,51.16,Nursing.
2918,Pathophysiology,Nursing,Health Sciences,26.09,"Physiology, Pathology and Related Sciences."
2919,Pediatrics,Nursing,Health Sciences,51.16,Nursing.
2920,Pharmacology (nursing),Nursing,Health Sciences,26.10,Pharmacology and Toxicology.
2921,Phychiatric Mental Health,Nursing,Health Sciences,51.16,Nursing.
2922,Research and Theory,Nursing,Health Sciences,51.16,Nursing.
2923,Review and Exam Preparation,Nursing,Health Sciences,51.38,"Registered Nursing, Nursing Administration, Nursing Research and Clinical Nursing."
3400,veterinary(all),Veterinary,Health Sciences,51.24,Veterinary Medicine.
3401,veterinary (miscalleneous),Veterinary,Health Sciences,51.24,Veterinary Medicine.
3402,Equine,Veterinary,Health Sciences,1.05,Agricultural and Domestic Animal Services.
3403,Food Animals,Veterinary,Health Sciences,1.04,Agricultural and Food Products Processing.
3404,Small Animals,Veterinary,Health Sciences,51.24,Veterinary Medicine.
3500,Dentistry(all),Dentistry,Health Sciences,51.04,Dentistry.
3501,Dentistry (miscellaneous),Dentistry,Health Sciences,51.04,Dentistry.
3502,Dental Assisting,Dentistry,Health Sciences,51.06,Dental Support Services and Allied Professions.
3503,Dental Hygiene,Dentistry,Health Sciences,51.05,Advanced/Graduate Dentistry and Oral Sciences.
3504,Oral Surgery,Dentistry,Health Sciences,51.05,Advanced/Graduate Dentistry and Oral Sciences.
3505,Orthodontics,Dentistry,Health Sciences,51.05,Advanced/Graduate Dentistry and Oral Sciences.
3506,Periodontics,Dentistry,Health Sciences,51.05,Advanced/Graduate Dentistry and Oral Sciences.
3600,Health Professions(all),Health Professions,Health Sciences,51.99,"Health Professions and Related Clinical Sciences, Other."
3601,Health Professions (miscellaneous),Health Professions,Health Sciences,51.99,"Health Professions and Related Clinical Sciences, Other."
3602,Chiropractics,Health Professions,Health Sciences,51.01,Chiropractic.
3603,Complementary and Manual Therapy,Health Professions,Health Sciences,51.34,Alternative and Complementary Medical Support Services.
3604,Emergency Medical Services,Health Professions,Health Sciences,51.09,"Allied Health Diagnostic, Intervention, and Treatment Professions."
3605,Health Information Management,Health Professions,Health Sciences,51.07,Health and Medical Administrative Services.
3606,Medical Assisting and Transcription,Health Professions,Health Sciences,51.08,Allied Health and Medical Assisting Services.
3607,Medical Laboratory Technology,Health Professions,Health Sciences,51.10,Clinical/Medical Laboratory Science/Research and Allied Professions.
3608,Medical Terminology,Health Professions,Health Sciences,51.07,Health and Medical Administrative Services.
3609,Occupational Therapy,Health Professions,Health Sciences,51.23,Rehabilitation and Therapeutic Professions.
3610,Optometry,Health Professions,Health Sciences,51.17,Optometry.
3611,Pharmacy,Health Professions,Health Sciences,51.20,"Pharmacy, Pharmaceutical Sciences, and Administration."
3612,"Physical Therapy, Sports Therapy and Rehabilitation",Health Professions,Health Sciences,51.23,Rehabilitation and Therapeutic Professions.
3613,Podiatry,Health Professions,Health Sciences,51.21,Podiatric Medicine/Podiatry.
3614,Radiological and Ultrasound Technology,Health Professions,Health Sciences,51.09,"Allied Health Diagnostic, Intervention, and Treatment Professions."
3615,Respiratory Care,Health Professions,Health Sciences,51.12,Medicine.
3616,Speech and Hearing,Health Professions,Health Sciences,51.02,Communication Disorders Sciences and Services.
1100,Agricultural and Biological Sciences(all),Agricultural and Biological Sciences,Life Sciences,1.00,"Agriculture, General."
1101,Agricultural and Biological Sciences (miscellaneous),Agricultural and Biological Sciences,Life Sciences,1.00,"Agriculture, General."
1102,Agronomy and Crop Science,Agricultural and Biological Sciences,Life Sciences,1.11,Plant Sciences.
1103,Animal Science and Zoology,Agricultural and Biological Sciences,Life Sciences,1.09,Animal Sciences.
1104,Aquatic Science,Agricultural and Biological Sciences,Life Sciences,3.03,Fishing and Fisheries Sciences and Management.
1105,"Ecology, Evolution, Behavior and Systematics",Agricultural and Biological Sciences,Life Sciences,26.13,"Ecology, Evolution, Systematics, and Population Biology."
1106,Food Science,Agricultural and Biological Sciences,Life Sciences,1.10,Food Science and Technology.
1107,Forestry,Agricultural and Biological Sciences,Life Sciences,3.05,Forestry.
1108,Horticulture,Agricultural and Biological Sciences,Life Sciences,1.06,Applied Horticulture and Horticultural Business Services.
1109,Insect Science,Agricultural and Biological Sciences,Life Sciences,1.09,Animal Sciences.
1110,Plant Science,Agricultural and Biological Sciences,Life Sciences,1.11,Plant Sciences.
1111,Soil Science,Agricultural and Biological Sciences,Life Sciences,1.12,Soil Sciences.
1300,"Biochemistry, Genetics and Molecular Biology(all)","Biochemistry, Genetics and Molecular Biology",Life Sciences,26.02,"Biochemistry, Biophysics and Molecular Biology."
1301,"Biochemistry, Genetics and Molecular Biology (miscellaneous)","Biochemistry, Genetics and Molecular Biology",Life Sciences,26.02,"Biochemistry, Biophysics and Molecular Biology."
1302,Ageing,"Biochemistry, Genetics and Molecular Biology",Life Sciences,30.11,Gerontology.
1303,Biochemistry,"Biochemistry, Genetics and Molecular Biology",Life Sciences,26.02,"Biochemistry, Biophysics and Molecular Biology."
1304,Biophysics,"Biochemistry, Genetics and Molecular Biology",Life Sciences,26.02,"Biochemistry, Biophysics and Molecular Biology."
1305,Biotechnology,"Biochemistry, Genetics and Molecular Biology",Life Sciences,26.12,Biotechnology.
1306,Cancer Research,"Biochemistry, Genetics and Molecular Biology",Life Sciences,26.09,"Physiology, Pathology and Related Sciences."
1307,Cell Biology,"Biochemistry, Genetics and Molecular Biology",Life Sciences,26.04,Cell/Cellular Biology and Anatomical Sciences.
1308,Clinical Biochemistry,"Biochemistry, Genetics and Molecular Biology",Life Sciences,26.02,"Biochemistry, Biophysics and Molecular Biology."
1309,Developmental Biology,"Biochemistry, Genetics and Molecular Biology",Life Sciences,26.04,Cell/Cellular Biology and Anatomical Sciences.
1310,Endocrinology,"Biochemistry, Genetics and Molecular Biology",Life Sciences,26.09,"Physiology, Pathology and Related Sciences."
1311,Genetics,"Biochemistry, Genetics and Molecular Biology",Life Sciences,26.08,Genetics.
1312,Molecular Biology,"Biochemistry, Genetics and Molecular Biology",Life Sciences,26.02,"Biochemistry, Biophysics and Molecular Biology."
1313,Molecular Medicine,"Biochemistry, Genetics and Molecular Biology",Life Sciences,26.14,Molecular Medicine.
1314,Physiology,"Biochemistry, Genetics and Molecular Biology",Life Sciences,26.09,"Physiology, Pathology and Related Sciences."
1315,Structural Biology,"Biochemistry, Genetics and Molecular Biology",Life Sciences,26.02,"Biochemistry, Biophysics and Molecular Biology."
2400,Immunology and Microbiology(all),Immunology and Microbiology,Life Sciences,26.05,Microbiological Sciences and Immunology.
2401,Immunology and Microbiology (miscellaneous),Immunology and Microbiology,Life Sciences,26.05,Microbiological Sciences and Immunology.
2402,Applied Microbiology and Biotechnology,Immunology and Microbiology,Life Sciences,26.05,Microbiological Sciences and Immunology.
2403,Immunology,Immunology and Microbiology,Life Sciences,26.05,Microbiological Sciences and Immunology.
2404,Microbiology,Immunology and Microbiology,Life Sciences,26.05,Microbiological Sciences and Immunology.
2405,Parasitology,Immunology and Microbiology,Life Sciences,26.05,Microbiological Sciences and Immunology.
2406,Virology,Immunology and Microbiology,Life Sciences,26.05,Microbiological Sciences and Immunology.
2800,Neuroscience(all),Neuroscience,Life Sciences,26.15,Neurobiology and Neurosciences.
2801,Neuroscience (miscellaneous),Neuroscience,Life Sciences,26.15,Neurobiology and Neurosciences.
2802,Behavioral Neuroscience,Neuroscience,Life Sciences,26.15,Neurobiology and Neurosciences.
2803,Biological Psychiatry,Neuroscience,Life Sciences,26.15,Neurobiology and Neurosciences.
2804,Cellular and Molecular Neuroscience,Neuroscience,Life Sciences,26.09,"Physiology, Pathology and Related Sciences."
2805,Cognitive Neuroscience,Neuroscience,Life Sciences,30.25,Cognitive Science.
2806,Developmental Neuroscience,Neuroscience,Life Sciences,42.07,Developmental and Child Psychology.
2807,Endocrine and Autonomic Systems,Neuroscience,Life Sciences,26.09,"Physiology, Pathology and Related Sciences."
2808,Neurology,Neuroscience,Life Sciences,26.15,Neurobiology and Neurosciences.
2809,Sensory Systems,Neuroscience,Life Sciences,26.15,Neurobiology and Neurosciences.
3000,"Pharmacology, Toxicology and Pharmaceutics(all)","Pharmacology, Toxicology and Pharmaceutics",Life Sciences,26.10,Pharmacology and Toxicology.
3001,"Pharmacology, Toxicology and Pharmaceutics (miscellaneous)","Pharmacology, Toxicology and Pharmaceutics",Life Sciences,26.10,Pharmacology and Toxicology.
3002,Drug Discovery,"Pharmacology, Toxicology and Pharmaceutics",Life Sciences,51.20,"Pharmacy, Pharmaceutical Sciences, and Administration."
3003,Pharmaceutical Science,"Pharmacology, Toxicology and Pharmaceutics",Life Sciences,51.20,"Pharmacy, Pharmaceutical Sciences, and Administration."
3004,Pharmacology,"Pharmacology, Toxicology and Pharmaceutics",Life Sciences,26.10,Pharmacology and Toxicology.
3005,Toxicology,"Pharmacology, Toxicology and Pharmaceutics",Life Sciences,26.10,Pharmacology and Toxicology.
1500,Chemical Engineering(all),Chemical Engineering,Physical Sciences,14.07,Chemical Engineering.
1501,Chemical Engineering (miscellaneous),Chemical Engineering,Physical Sciences,14.07,Chemical Engineering.
1502,Bioengineering,Chemical Engineering,Physical Sciences,14.05,Biomedical/Medical Engineering.
1503,Catalysis,Chemical Engineering,Physical Sciences,14.07,Chemical Engineering.
1504,Chemical Health and Safety,Chemical Engineering,Physical Sciences,14.07,Chemical Engineering.
1505,Colloid and Surface Chemistry,Chemical Engineering,Physical Sciences,40.05,Chemistry.
1506,Filtration and Separation,Chemical Engineering,Physical Sciences,14.07,Chemical Engineering.
1507,Fluid Flow and Transfer Processes,Chemical Engineering,Physical Sciences,14.07,Chemical Engineering.
1508,Process Chemistry and Technology,Chemical Engineering,Physical Sciences,14.07,Chemical Engineering.
1600,Chemistry(all),Chemistry,Physical Sciences,40.05,Chemistry.
1601,Chemistry (miscellaneous),Chemistry,Physical Sciences,40.05,Chemistry.
1602,Analytical Chemistry,Chemistry,Physical Sciences,40.05,Chemistry.
1603,Electrochemistry,Chemistry,Physical Sciences,40.05,Chemistry.
1604,Inorganic Chemistry,Chemistry,Physical Sciences,40.05,Chemistry.
1605,Organic Chemistry,Chemistry,Physical Sciences,40.05,Chemistry.
1606,Physical and Theoretical Chemistry,Chemistry,Physical Sciences,40.05,Chemistry.
1607,Spectroscopy,Chemistry,Physical Sciences,40.05,Chemistry.
1700,Computer Science(all),Computer Science,Physical Sciences,11.07,Computer Science.
1701,Computer Science (miscellaneous),Computer Science,Physical Sciences,11.07,Computer Science.
1702,Artificial Intelligence,Computer Science,Physical Sciences,11.01,"Computer and Information Sciences, General."
1703,Computational Theory and Mathematics,Computer Science,Physical Sciences,27.03,Applied Mathematics.
1704,Computer Graphics and Computer-Aided Design,Computer Science,Physical Sciences,11.08,Computer Software and Media Applications.
1705,Computer Networks and Communications,Computer Science,Physical Sciences,11.09,Computer Systems Networking and Telecommunications.
1706,Computer Science Applications,Computer Science,Physical Sciences,11.07,Computer Science.
1707,Computer Vision and Pattern Recognition,Computer Science,Physical Sciences,11.01,"Computer and Information Sciences, General."
1708,Hardware and Architecture,Computer Science,Physical Sciences,14.09,Computer Engineering.
1709,Human-Computer Interaction,Computer Science,Physical Sciences,30.31,Human Computer Interaction.
1710,Information Systems,Computer Science,Physical Sciences,11.01,"Computer and Information Sciences, General."
1711,Signal Processing,Computer Science,Physical Sciences,11.07,Computer Science.
1712,Software,Computer Science,Physical Sciences,11.08,Computer Software and Media Applications.
1900,Earth and Planetary Sciences(all),Earth and Planetary Sciences,Physical Sciences,40.06,Geological and Earth Sciences/Geosciences.
1901,Earth and Planetary Sciences (miscellaneous),Earth and Planetary Sciences,Physical Sciences,40.06,Geological and Earth Sciences/Geosciences.
1902,Atmospheric Science,Earth and Planetary Sciences,Physical Sciences,40.04,Atmospheric Sciences and Meteorology.
1903,Computers in Earth Sciences,Earth and Planetary Sciences,Physical Sciences,40.06,Geological and Earth Sciences/Geosciences.
1904,Earth-Surface Processes,Earth and Planetary Sciences,Physical Sciences,40.06,Geological and Earth Sciences/Geosciences.
1905,Economic Geology,Earth and Planetary Sciences,Physical Sciences,3.02,Natural Resources Management and Policy.
1906,Geochemistry and Petrology,Earth and Planetary Sciences,Physical Sciences,40.06,Geological and Earth Sciences/Geosciences.
1907,Geology,Earth and Planetary Sciences,Physical Sciences,40.06,Geological and Earth Sciences/Geosciences.
1908,Geophysics,Earth and Planetary Sciences,Physical Sciences,40.06,Geological and Earth Sciences/Geosciences.
1909,Geotechnical Engineering and Engineering Geology,Earth and Planetary Sciences,Physical Sciences,40.06,Geological and Earth Sciences/Geosciences.
1910,Oceanography,Earth and Planetary Sciences,Physical Sciences,40.06,Geological and Earth Sciences/Geosciences.
1911,Paleontology,Earth and Planetary Sciences,Physical Sciences,40.06,Geological and Earth Sciences/Geosciences.
1912,Space and Planetary Science,Earth and Planetary Sciences,Physical Sciences,40.02,Astronomy and Astrophysics.
1913,Stratigraphy,Earth and Planetary Sciences,Physical Sciences,40.06,Geological and Earth Sciences/Geosciences.
2100,Energy(all),Energy,Physical Sciences,15.05,Environmental Control Technologies/Technicians.
2101,Energy (miscellaneous),Energy,Physical Sciences,15.05,Environmental Control Technologies/Technicians.
2102,Energy Engineering and Power Technology,Energy,Physical Sciences,15.05,Environmental Control Technologies/Technicians.
2103,Fuel Technology,Energy,Physical Sciences,14.01,"Engineering, General."
2104,Nuclear Energy and Engineering,Energy,Physical Sciences,14.23,Nuclear Engineering.
2105,"Renewable Energy, Sustainability and the Environment",Energy,Physical Sciences,15.05,Environmental Control Technologies/Technicians.
2200,Engineering(all),Engineering,Physical Sciences,14.01,"Engineering, General."
2201,Engineering (miscellaneous),Engineering,Physical Sciences,14.99,"Engineering, Other."
2202,Aerospace Engineering,Engineering,Physical Sciences,14.02,"Aerospace, Aeronautical and Astronautical Engineering."
2203,Automotive Engineering,Engineering,Physical Sciences,15.08,Mechanical Engineering Related Technologies/Technicians.
2204,Biomedical Engineering,Engineering,Physical Sciences,14.05,Biomedical/Medical Engineering.
2205,Civil and Structural Engineering,Engineering,Physical Sciences,14.08,Civil Engineering.
2206,Computational Mechanics,Engineering,Physical Sciences,30.30,Computational Science.
2207,Control and Systems Engineering,Engineering,Physical Sciences,14.27,Systems Engineering.
2208,Electrical and Electronic Engineering,Engineering,Physical Sciences,14.10,"Electrical, Electronics and Communications Engineering."
2209,Industrial and Manufacturing Engineering,Engineering,Physical Sciences,14.35,Industrial Engineering.
2210,Mechanical Engineering,Engineering,Physical Sciences,14.19,Mechanical Engineering.
2211,Mechanics of Materials,Engineering,Physical Sciences,14.18,Materials Engineering
2212,Ocean Engineering,Engineering,Physical Sciences,14.24,Ocean Engineering.
2213,"Safety, Risk, Reliability and Quality",Engineering,Physical Sciences,14.35,Industrial Engineering.
2214,Media Technology,Engineering,Physical Sciences,14.09,Computer Engineering.
2215,Building and Construction,Engineering,Physical Sciences,46.04,"Building/Construction Finishing, Management, and Inspection."
2216,Architecture,Engineering,Physical Sciences,4.02,Architecture.
2300,Environmental Science(all),Environmental Science,Physical Sciences,3.01,Natural Resources Conservation and Research.
2301,Environmental Science (miscellaneous),Environmental Science,Physical Sciences,3.01,Natural Resources Conservation and Research.
2302,Ecological Modelling,Environmental Science,Physical Sciences,26.13,"Ecology, Evolution, Systematics, and Population Biology."
2303,Ecology,Environmental Science,Physical Sciences,26.13,"Ecology, Evolution, Systematics, and Population Biology."
2304,Environmental Chemistry,Environmental Science,Physical Sciences,14.14,Environmental/Environmental Health Engineering.
2305,Environmental Engineering,Environmental Science,Physical Sciences,14.14,Environmental/Environmental Health Engineering.
2306,Global and Planetary Change,Environmental Science,Physical Sciences,3.01,Natural Resources Conservation and Research.
2307,"Health, Toxicology and Mutagenesis",Environmental Science,Physical Sciences,26.10,Pharmacology and Toxicology.
2308,"Management, Monitoring, Policy and Law",Environmental Science,Physical Sciences,3.02,Natural Resources Management and Policy.
2309,Nature and Landscape Conservation,Environmental Science,Physical Sciences,3.01,Natural Resources Conservation and Research.
2310,Pollution,Environmental Science,Physical Sciences,3.01,Natural Resources Conservation and Research.
2311,Waste Management and Disposal,Environmental Science,Physical Sciences,3.01,Natural Resources Conservation and Research.
2312,Water Science and Technology,Environmental Science,Physical Sciences,40.06,Geological and Earth Sciences/Geosciences.
2500,Materials Science(all),Materials Science,Physical Sciences,40.10,Materials Sciences.
2501,Materials Science (miscellaneous),Materials Science,Physical Sciences,40.10,Materials Sciences.
2502,Biomaterials,Materials Science,Physical Sciences,40.10,Materials Sciences.
2503,Ceramics and Composites,Materials Science,Physical Sciences,40.10,Materials Sciences.
2504,"Electronic, Optical and Magnetic Materials",Materials Science,Physical Sciences,40.10,Materials Sciences.
2505,Materials Chemistry,Materials Science,Physical Sciences,40.10,Materials Sciences.
2506,Metals and Alloys,Materials Science,Physical Sciences,40.10,Materials Sciences.
2507,Polymers and Plastics,Materials Science,Physical Sciences,40.10,Materials Sciences.
2508,"Surfaces, Coatings and Films",Materials Science,Physical Sciences,40.10,Materials Sciences.
2600,Mathematics(all),Mathematics,Physical Sciences,27.01,Mathematics.
2601,Mathematics (miscellaneous),Mathematics,Physical Sciences,27.01,Mathematics.
2602,Algebra and Number Theory,Mathematics,Physical Sciences,27.01,Mathematics.
2603,Analysis,Mathematics,Physical Sciences,27.01,Mathematics.
2604,Applied Mathematics,Mathematics,Physical Sciences,27.03,Applied Mathematics.
2605,Computational Mathematics,Mathematics,Physical Sciences,27.03,Applied Mathematics.
2606,Control and Optimization,Mathematics,Physical Sciences,27.01,Mathematics.
2607,Discrete Mathematics and Combinatorics,Mathematics,Physical Sciences,27.01,Mathematics.
2608,Geometry and Topology,Mathematics,Physical Sciences,27.01,Mathematics.
2609,Logic,Mathematics,Physical Sciences,38.01,Philosophy.
2610,Mathematical Physics,Mathematics,Physical Sciences,27.03,Applied Mathematics.
2611,Modelling and Simulation,Mathematics,Physical Sciences,27.03,Applied Mathematics.
2612,Numerical Analysis,Mathematics,Physical Sciences,27.01,Mathematics.
2613,Statistics and Probability,Mathematics,Physical Sciences,27.05,Statistics.
2614,Theoretical Computer Science,Mathematics,Physical Sciences,11.07,Computer Science.
3100,Physics and Astronomy(all),Physics and Astronomy,Physical Sciences,40.02,Astronomy and Astrophysics.
3101,Physics and Astronomy (miscellaneous),Physics and Astronomy,Physical Sciences,40.02,Astronomy and Astrophysics.
3102,Acoustics and Ultrasonics,Physics and Astronomy,Physical Sciences,40.08,Physics.
3103,Astronomy and Astrophysics,Physics and Astronomy,Physical Sciences,40.02,Astronomy and Astrophysics.
3104,Condensed Matter Physics,Physics and Astronomy,Physical Sciences,40.08,Physics.
3105,Instrumentation,Physics and Astronomy,Physical Sciences,40.08,Physics.
3106,Nuclear and High Energy Physics,Physics and Astronomy,Physical Sciences,40.08,Physics.
3107,"Atomic and Molecular Physics, and Optics",Physics and Astronomy,Physical Sciences,40.08,Physics.
3108,Radiation,Physics and Astronomy,Physical Sciences,40.08,Physics.
3109,Statistical and Nonlinear Physics,Physics and Astronomy,Physical Sciences,40.08,Physics.
3110,Surfaces and Interfaces,Physics and Astronomy,Physical Sciences,40.08,Physics.
1200,Arts and Humanities(all),Arts and Humanities,Social Sciences,24.01,"Liberal Arts and Sciences, General Studies and Humanities."
1201,Arts and Humanities (miscellaneous),Arts and Humanities,Social Sciences,24.01,"Liberal Arts and Sciences, General Studies and Humanities."
1202,History,Arts and Humanities,Social Sciences,54.01,History.
1203,Language and Linguistics,Arts and Humanities,Social Sciences,16.01,"Linguistic, Comparative, and Related Language Studies and Services."
1204,Archaeology,Arts and Humanities,Social Sciences,45.03,Archeology.
1205,Classics,Arts and Humanities,Social Sciences,16.12,"Classics and Classical Languages, Literatures, and Linguistics."
1206,Conservation,Arts and Humanities,Social Sciences,50.07,Fine and Studio Arts.
1207,History and Philosophy of Science,Arts and Humanities,Social Sciences,54.01,History.
1208,Literature and Literary Theory,Arts and Humanities,Social Sciences,23.14,Literature.
1209,Museology,Arts and Humanities,Social Sciences,30.14,Museology/Museum Studies.
1210,Music,Arts and Humanities,Social Sciences,50.09,Music.
1211,Philosophy,Arts and Humanities,Social Sciences,38.01,Philosophy.
1212,Religious studies,Arts and Humanities,Social Sciences,38.02,Religion/Religious Studies.
1213,Visual Arts and Performing Arts,Arts and Humanities,Social Sciences,50.01,"Visual and Performing Arts, General."
1400,"Business, Management and Accounting(all)","Business, Management and Accounting",Social Sciences,52.01,"Business/Commerce, General."
1401,"Business, Management and Accounting (miscellaneous)","Business, Management and Accounting",Social Sciences,52.99,"Business, Management, Marketing, and Related Support Services, Other."
1402,Accounting,"Business, Management and Accounting",Social Sciences,52.03,Accounting and Related Services.
1403,Business and International Management,"Business, Management and Accounting",Social Sciences,52.11,International Business.
1404,Management Information Systems,"Business, Management and Accounting",Social Sciences,52.12,Management Information Systems and Services.
1405,Management of Technology and Innovation,"Business, Management and Accounting",Social Sciences,52.04,Business Operations Support and Assistant Services.
1406,Marketing,"Business, Management and Accounting",Social Sciences,52.14,Marketing.
1407,Organizational Behavior and Human Resource Management,"Business, Management and Accounting",Social Sciences,52.10,Human Resources Management and Services.
1408,Strategy and Management,"Business, Management and Accounting",Social Sciences,52.13,Management Sciences and Quantitative Methods.
1409,"Tourism, Leisure and Hospitality Management","Business, Management and Accounting",Social Sciences,52.09,Hospitality Administration/Management.
1410,Industrial relations,"Business, Management and Accounting",Social Sciences,52.10,Human Resources Management and Services.
1800,Decision Sciences(all),Decision Sciences,Social Sciences,52.02,"Business Administration, Management and Operations."
1801,Decision Sciences (miscellaneous),Decision Sciences,Social Sciences,52.02,"Business Administration, Management and Operations."
1802,Information Systems and Management,Decision Sciences,Social Sciences,52.12,Management Information Systems and Services.
1803,Management Science and Operations Research,Decision Sciences,Social Sciences,52.13,Management Sciences and Quantitative Methods.
1804,"Statistics, Probability and Uncertainty",Decision Sciences,Social Sciences,27.05,Statistics.
2000,"Economics, Econometrics and Finance(all)","Economics, Econometrics and Finance",Social Sciences,45.06,Economics.
2001,"Economics, Econometrics and Finance (miscellaneous)","Economics, Econometrics and Finance",Social Sciences,45.06,Economics.
2002,Economics and Econometrics,"Economics, Econometrics and Finance",Social Sciences,45.06,Economics.
2003,Finance,"Economics, Econometrics and Finance",Social Sciences,52.08,Finance and Financial Management Services.
3200,Psychology(all),Psychology,Social Sciences,42.01,"Psychology, General."
3201,Psychology (miscellaneous),Psychology,Social Sciences,42.01,"Psychology, General."
3202,Applied Psychology,Psychology,Social Sciences,42.28,"Clinical, Counseling and Applied Psychology."
3203,Clinical Psychology,Psychology,Social Sciences,42.02,Clinical Psychology.
3204,Developmental and Educational Psychology,Psychology,Social Sciences,42.07,Developmental and Child Psychology.
3205,Experimental and Cognitive Psychology,Psychology,Social Sciences,42.08,Experimental Psychology.
3206,Neuropsychology and Physiological Psychology,Psychology,Social Sciences,42.11,Physiological Psychology/Psychobiology.
3207,Social Psychology,Psychology,Social Sciences,42.16,Social Psychology.
3300,Social Sciences(all),Social Sciences,Social Sciences,45.01,"Social Sciences, General."
3301,Social Sciences (miscellaneous),Social Sciences,Social Sciences,45.99,"Social Sciences, Other."
3302,Archaeology,Social Sciences,Social Sciences,30.22,Classical and Ancient Studies.
3303,Development,Social Sciences,Social Sciences,19.07,"Human Development, Family Studies, and Related Services."
3304,Education,Social Sciences,Social Sciences,13.01,"Education, General."
3305,"Geography, Planning and Development",Social Sciences,Social Sciences,45.07,Geography and Cartography.
3306,Health(social science),Social Sciences,Social Sciences,34.01,Health-Related Knowledge and Skills.
3307,Human Factors and Ergonomics,Social Sciences,Social Sciences,42.28,"Clinical, Counseling and Applied Psychology."
3308,Law,Social Sciences,Social Sciences,22.01,Law.
3309,Library and Information Sciences,Social Sciences,Social Sciences,25.01,Library Science and Administration.
3310,Linguistics and Language,Social Sciences,Social Sciences,16.01,"Linguistic, Comparative, and Related Language Studies and Services."
3311,Safety Research,Social Sciences,Social Sciences,43.01,Criminal Justice and Corrections.
3312,Sociology and Political Science,Social Sciences,Social Sciences,45.11,Sociology.
3313,Transportation,Social Sciences,Social Sciences,49.99,"Transportation and Materials Moving, Other."
3314,Anthropology,Social Sciences,Social Sciences,45.02,Anthropology.
3315,Communication,Social Sciences,Social Sciences,9.01,Communication and Media Studies.
3316,Cultural Studies,Social Sciences,Social Sciences,30.26,Cultural Studies/Critical Theory and Analysis.
3317,Demography,Social Sciences,Social Sciences,45.05,Demography and Population Studies.
3318,Gender Studies,Social Sciences,Social Sciences,5.99,"Area, Ethnic, Cultural, and Gender Studies, Other."
3319,Life-span and Life-course Studies,Social Sciences,Social Sciences,45.99,"Social Sciences, Other."
3320,Political Science and International Relations,Social Sciences,Social Sciences,45.10,Political Science and Government.
3321,Public Administration,Social Sciences,Social Sciences,44.04,Public Administration.
3322,Urban Studies,Social Sciences,Social Sciences,45.12,Urban Studies/Affairs.